State,Account length,Area code,International plan,Voice mail plan,Number vmail messages,Total day minutes,Total day calls,Total day charge,Total eve minutes,Total eve calls,Total eve charge,Total night minutes,Total night calls,Total night charge,Total intl minutes,Total intl calls,Total intl charge,Customer service calls,Churn
IL,178,415,Yes,Yes,20,162.9,117,27.69,284.0,52,24.14,226.8,162,10.21,5.0,4,1.35,0,False
WI,163,408,No,No,7,239.6,135,40.73,192.9,156,16.4,113.8,130,5.12,14.0,12,3.78,1,False
CT,124,415,No,No,27,215.7,139,36.67,221.3,98,18.81,213.6,92,9.61,12.2,8,3.29,6,False
MA,33,408,Yes,No,4,209.1,98,35.55,262.9,104,22.35,156.4,144,7.04,10.7,12,2.89,2,False
NJ,161,510,No,No,16,186.1,92,31.64,266.6,75,22.66,270.6,147,12.18,6.1,10,1.65,2,False
GA,189,408,No,No,36,233.1,85,39.63,239.1,148,20.32,217.3,55,9.78,12.3,12,3.32,0,False
CT,179,408,No,No,35,144.6,107,24.58,138.0,121,11.73,245.8,135,11.06,14.1,10,3.81,0,True
CO,171,408,No,No,18,137.2,62,23.32,183.0,101,15.56,202.1,127,9.09,11.8,1,3.19,4,False
IL,101,408,No,Yes,26,220.3,101,37.45,187.3,149,15.92,197.7,116,8.9,10.1,9,2.73,0,False
KY,12,510,No,Yes,33,92.2,107,15.67,168.1,166,14.29,275.8,61,12.41,12.0,11,3.24,2,False
MD,67,510,No,Yes,10,185.0,81,31.45,218.1,167,18.54,249.6,149,11.23,11.0,7,2.97,5,False
SC,65,415,No,No,44,162.9,130,27.69,121.3,56,10.31,206.9,61,9.31,12.8,10,3.46,0,False
NJ,161,510,No,No,46,104.1,154,17.7,285.7,95,24.28,191.0,158,8.59,12.7,13,3.43,2,False
NJ,168,510,No,Yes,11,129.7,149,22.05,260.8,95,22.17,115.6,115,5.2,9.6,9,2.59,0,False
AL,74,415,No,Yes,20,174.1,109,29.6,224.9,149,19.12,217.2,51,9.77,8.4,12,2.27,2,False
CO,43,510,No,Yes,10,235.8,159,40.09,197.9,65,16.82,194.7,64,8.76,9.1,8,2.46,0,False
FL,44,408,No,No,38,144.7,132,24.6,262.4,73,22.3,228.7,72,10.29,11.7,0,3.16,3,False
GA,29,408,No,No,27,245.5,107,41.74,235.5,110,20.02,243.9,78,10.98,9.2,6,2.48,1,False
AL,141,415,No,No,4,183.4,148,31.18,256.3,103,21.79,262.6,130,11.82,8.1,7,2.19,1,True
TX,12,415,No,No,16,250.8,159,42.64,198.0,111,16.83,217.8,145,9.8,10.2,2,2.75,2,False
MN,95,415,No,No,19,147.4,153,25.06,290.5,50,24.69,148.7,56,6.69,13.3,13,3.59,0,False
CO,46,408,No,Yes,40,177.4,105,30.16,259.3,98,22.04,93.5,143,4.21,10.6,3,2.86,3,False
NY,130,510,No,Yes,45,199.9,77,33.98,226.5,74,19.25,159.8,77,7.19,9.4,12,2.54,1,False
AL,243,408,No,No,11,170.3,50,28.95,263.8,59,22.42,267.7,63,12.05,11.1,2,3.0,2,False
VA,242,415,No,No,5,231.5,91,39.36,180.0,167,15.3,292.2,93,13.15,10.4,6,2.81,0,False
IA,35,510,No,No,16,60.8,131,10.34,142.6,129,12.12,189.1,79,8.51,4.8,8,1.3,3,False
PA,215,510,No,No,50,310.8,97,52.84,217.1,65,18.45,128.0,130,5.76,12.2,2,3.29,0,False
NY,81,408,Yes,Yes,18,226.3,89,38.47,198.1,107,16.84,168.6,81,7.59,11.3,12,3.05,1,False
OK,90,415,No,No,25,170.6,146,29.0,191.1,121,16.24,257.9,159,11.61,10.2,5,2.75,0,False
CO,8,408,No,No,47,150.2,112,25.53,261.8,78,22.25,171.4,119,7.71,13.2,7,3.56,3,False
CA,93,510,No,No,43,133.2,125,22.64,209.4,152,17.8,230.5,164,10.37,13.6,5,3.67,1,False
VA,154,408,No,No,43,214.9,121,36.53,214.2,141,18.21,209.4,137,9.42,12.4,1,3.35,5,False
KY,202,408,No,No,51,233.7,137,39.73,184.6,55,15.69,236.5,55,10.64,7.8,12,2.11,5,False
MN,90,415,No,No,31,171.2,129,29.1,245.1,65,20.83,291.9,76,13.14,7.9,6,2.13,0,False
CT,162,415,No,No,5,239.8,163,40.77,236.1,69,20.07,230.5,131,10.37,13.3,1,3.59,2,True
VA,115,510,No,No,35,131.0,53,22.27,244.7,129,20.8,208.3,137,9.37,4.9,1,1.32,0,False
LA,105,408,Yes,No,37,121.5,87,20.66,176.1,120,14.97,297.4,150,13.38,9.8,1,2.65,1,False
IN,135,408,No,Yes,10,277.9,157,47.24,266.2,154,22.63,218.5,169,9.83,11.4,10,3.08,3,False
OR,196,408,No,No,32,211.9,76,36.02,292.9,127,24.9,161.4,73,7.26,5.3,14,1.43,2,False
OR,58,510,No,No,23,255.4,58,43.42,243.1,92,20.66,235.4,151,10.59,10.9,0,2.94,2,False
MI,245,510,No,Yes,22,133.9,160,22.76,160.5,75,13.64,223.4,83,10.05,12.9,13,3.48,1,False
OK,114,415,No,No,14,130.1,65,22.12,160.9,139,13.68,185.6,89,8.35,6.0,10,1.62,1,True
OK,237,415,No,No,26,160.6,105,27.3,182.2,127,15.49,175.1,96,7.88,14.8,0,4.0,0,False
TN,75,415,No,No,10,135.5,125,23.04,172.8,120,14.69,186.1,128,8.37,7.4,13,2.0,3,False
MA,157,408,No,No,50,218.1,80,37.08,197.4,82,16.78,174.4,124,7.85,11.8,6,3.19,2,False
IA,120,408,No,No,49,139.4,137,23.7,232.6,75,19.77,187.7,135,8.45,10.0,14,2.7,3,False
IA,164,415,No,Yes,16,116.7,63,19.84,215.5,94,18.32,158.9,167,7.15,10.4,12,2.81,0,False
MA,217,408,No,Yes,50,187.7,158,31.91,211.1,133,17.94,220.3,73,9.91,6.6,13,1.78,1,False
IA,21,415,No,Yes,13,110.3,74,18.75,188.9,112,16.06,216.6,114,9.75,13.7,13,3.7,1,False
MD,249,510,No,No,26,82.8,83,14.08,197.3,116,16.77,218.3,67,9.82,11.1,14,3.0,0,False
VA,164,415,No,No,17,187.2,116,31.82,240.8,101,20.47,197.9,93,8.91,14.7,13,3.97,1,False
SC,138,510,No,No,27,85.5,73,14.54,100.4,117,8.53,192.1,125,8.64,6.7,11,1.81,4,False
WI,101,408,No,No,50,221.9,155,37.72,200.4,75,17.03,273.1,106,12.29,9.7,4,2.62,5,False
LA,201,415,No,No,46,104.7,122,17.8,215.4,124,18.31,204.4,156,9.2,10.8,10,2.92,2,False
TX,152,408,No,No,46,59.0,75,10.03,240.2,51,20.42,264.2,77,11.89,10.4,2,2.81,1,False
OH,192,510,Yes,No,3,164.1,69,27.9,150.5,63,12.79,151.2,153,6.8,12.1,0,3.27,0,False
MD,227,510,No,Yes,6,187.8,113,31.93,147.9,157,12.57,230.5,173,10.37,9.7,10,2.62,4,False
IL,177,510,No,No,44,206.5,153,35.11,230.2,79,19.57,164.3,120,7.39,16.1,9,4.35,0,False
CO,99,408,Yes,No,34,189.3,59,32.18,105.8,98,8.99,173.2,72,7.79,10.3,5,2.78,6,False
NC,240,408,No,No,47,122.8,132,20.88,267.6,61,22.75,180.4,134,8.12,2.1,10,0.57,1,False
IL,36,408,No,No,8,218.5,116,37.15,212.3,139,18.05,177.3,83,7.98,10.4,0,2.81,1,False
MO,210,408,No,No,7,231.8,73,39.41,278.9,93,23.71,177.5,60,7.99,13.7,8,3.7,5,True
FL,241,510,Yes,No,51,114.9,54,19.53,146.6,82,12.46,261.9,135,11.79,7.6,1,2.05,0,False
LA,231,510,No,Yes,44,170.2,116,28.93,179.2,62,15.23,203.3,155,9.15,7.4,0,2.0,2,False
OK,96,415,No,No,16,165.2,107,28.08,80.6,127,6.85,212.3,84,9.55,7.8,14,2.11,2,False
AZ,152,415,No,No,16,191.9,76,32.62,161.2,137,13.7,178.1,165,8.01,7.2,11,1.94,0,True
MO,151,408,No,No,48,168.9,129,28.71,191.8,147,16.3,243.8,142,10.97,8.9,6,2.4,1,False
KY,190,510,No,Yes,32,176.3,162,29.97,102.9,157,8.75,218.8,91,9.85,12.7,5,3.43,2,True
NC,224,510,No,Yes,31,214.7,64,36.5,181.3,75,15.41,185.6,77,8.35,14.5,5,3.92,3,False
KY,37,510,Yes,Yes,7,119.9,84,20.38,101.6,70,8.64,121.8,172,5.48,3.4,13,0.92,0,False
CO,12,415,Yes,No,18,219.8,125,37.37,188.1,77,15.99,211.8,131,9.53,9.1,4,2.46,6,True
NY,113,415,No,No,37,241.6,154,41.07,258.4,97,21.96,229.8,127,10.34,11.0,10,2.97,0,True
WI,183,510,No,Yes,2,268.2,102,45.59,199.3,149,16.94,152.1,131,6.84,10.8,3,2.92,0,False
OK,13,510,No,No,4,64.3,93,10.93,283.9,89,24.13,186.2,141,8.38,15.5,10,4.19,1,False
MA,23,510,No,No,12,170.1,75,28.92,240.3,115,20.43,227.9,73,10.26,4.6,3,1.24,0,False
OK,217,415,No,No,46,73.9,96,12.56,268.4,155,22.81,122.5,57,5.51,3.0,2,0.81,0,False
IL,99,510,No,No,45,48.5,83,8.25,162.8,122,13.84,168.6,155,7.59,16.0,9,4.32,8,False
VA,105,510,No,No,30,187.8,136,31.93,161.5,136,13.73,219.8,167,9.89,12.3,7,3.32,1,False
CT,30,408,No,No,15,158.4,144,26.93,218.3,128,18.56,256.3,158,11.53,8.6,6,2.32,0,False
GA,17,408,No,No,49,196.2,99,33.35,122.1,126,10.38,310.3,102,13.96,10.7,8,2.89,0,False
MA,113,415,No,No,31,206.3,133,35.07,224.6,72,19.09,298.9,121,13.45,10.9,0,2.94,3,False
TX,62,510,No,No,21,247.4,61,42.06,184.8,130,15.71,208.2,53,9.37,8.5,6,2.3,4,False
AZ,84,510,No,No,28,182.9,136,31.09,267.5,97,22.74,176.8,140,7.96,10.6,9,2.86,1,False
IN,112,408,No,No,21,337.9,53,57.44,235.0,51,19.98,247.2,149,11.12,11.2,3,3.02,0,False
FL,217,415,Yes,No,42,196.5,136,33.4,255.8,133,21.74,173.8,54,7.82,15.8,6,4.27,0,False
MO,86,408,No,Yes,2,279.5,97,47.52,163.3,69,13.88,162.9,146,7.33,12.9,12,3.48,0,False
GA,141,408,No,No,9,54.0,104,9.18,253.4,108,21.54,185.7,98,8.36,15.1,11,4.08,0,True
FL,187,408,No,Yes,41,252.9,161,42.99,273.2,95,23.22,179.5,147,8.08,6.4,0,1.73,1,False
NY,19,408,No,Yes,20,170.2,50,28.93,199.1,52,16.92,221.6,79,9.97,9.2,4,2.48,0,False
IA,177,510,No,No,15,74.8,138,12.72,164.0,104,13.94,170.9,121,7.69,10.9,2,2.94,2,False
PA,100,510,No,No,11,202.7,115,34.46,164.9,61,14.02,205.3,152,9.24,4.8,4,1.3,1,False
MN,140,408,No,Yes,1,163.6,79,27.81,263.0,89,22.36,280.7,112,12.63,13.5,3,3.65,6,False
MI,189,415,No,No,40,211.3,52,35.92,335.2,115,28.49,207.1,96,9.32,12.0,1,3.24,5,False
FL,233,415,No,No,23,234.6,70,39.88,151.9,149,12.91,276.8,75,12.46,9.2,10,2.48,2,False
MN,147,415,No,Yes,34,99.6,138,16.93,148.1,127,12.59,261.1,106,11.75,9.7,3,2.62,1,False
CT,76,415,No,No,29,234.8,133,39.92,247.1,65,21.0,230.6,86,10.38,13.7,2,3.7,1,False
MO,9,408,No,No,29,180.3,98,30.65,163.3,132,13.88,183.3,147,8.25,8.0,12,2.16,1,False
KY,199,510,No,No,46,253.1,135,43.03,251.9,83,21.41,253.0,56,11.38,13.8,0,3.73,3,False
VA,28,415,No,Yes,34,168.9,134,28.71,224.3,93,19.07,188.5,89,8.48,9.5,11,2.57,1,False
NY,206,408,No,No,18,154.6,111,26.28,199.8,159,16.98,200.9,141,9.04,12.3,9,3.32,4,False
MI,223,415,No,No,49,181.5,146,30.86,223.1,55,18.96,217.5,88,9.79,10.4,7,2.81,6,True
IA,128,415,Yes,No,7,185.5,87,31.54,220.0,126,18.7,200.7,111,9.03,16.5,14,4.46,1,False
FL,52,408,No,Yes,25,144.2,64,24.51,192.0,113,16.32,165.0,152,7.42,7.7,4,2.08,2,True
AZ,83,510,No,No,48,153.2,159,26.04,113.2,149,9.62,124.6,141,5.61,8.6,3,2.32,0,True
TN,111,510,No,Yes,39,113.7,101,19.33,209.9,71,17.84,249.0,127,11.2,6.0,9,1.62,0,False
MA,144,408,No,No,6,156.5,128,26.6,279.7,67,23.77,229.5,102,10.33,7.1,11,1.92,1,False
GA,117,510,No,Yes,29,216.5,95,36.8,120.6,61,10.25,115.0,163,5.18,12.2,4,3.29,0,False
AZ,69,408,No,No,6,172.6,74,29.34,152.7,101,12.98,163.7,151,7.37,14.7,3,3.97,4,False
SC,99,408,No,No,2,234.5,70,39.86,222.3,167,18.9,210.0,53,9.45,12.5,2,3.38,0,False
OK,140,408,No,No,0,170.0,137,28.9,202.9,143,17.25,223.1,155,10.04,10.2,4,2.75,1,False
LA,25,510,No,Yes,35,102.7,54,17.46,221.6,166,18.84,125.1,131,5.63,7.7,3,2.08,2,True
IA,180,408,No,No,24,212.3,119,36.09,166.0,100,14.11,196.5,157,8.84,12.7,14,3.43,3,False
GA,123,415,No,No,36,143.6,162,24.41,259.1,153,22.02,228.0,161,10.26,7.5,0,2.03,1,False
CO,213,510,No,No,0,167.4,156,28.46,203.3,120,17.28,183.4,74,8.25,6.4,11,1.73,4,False
TN,228,510,No,No,14,246.8,161,41.96,235.8,145,20.04,213.8,56,9.62,9.3,2,2.51,2,False
WA,53,510,Yes,No,36,117.3,157,19.94,217.0,97,18.44,176.6,151,7.95,4.5,9,1.22,1,True
MO,151,510,No,No,12,188.9,96,32.11,209.8,68,17.83,246.5,77,11.09,6.3,14,1.7,0,False
MA,144,415,No,No,39,177.8,136,30.23,232.3,55,19.75,161.0,118,7.24,15.5,9,4.19,1,False
CO,57,510,No,No,7,217.8,117,37.03,210.3,133,17.88,143.9,116,6.48,5.8,7,1.57,4,False
AL,39,510,No,No,4,226.2,140,38.45,141.5,76,12.03,202.4,157,9.11,6.9,6,1.86,2,False
KY,109,408,No,No,8,194.2,67,33.01,255.4,102,21.71,129.3,144,5.82,10.4,1,2.81,4,False
LA,181,510,No,No,0,160.5,70,27.29,241.9,156,20.56,95.7,160,4.31,10.5,0,2.84,1,False
OK,42,415,No,Yes,35,205.6,141,34.95,95.7,150,8.13,255.2,155,11.48,9.5,2,2.57,0,False
OK,186,415,No,No,34,252.1,148,42.86,168.3,97,14.31,151.8,171,6.83,4.6,4,1.24,0,True
OK,167,415,No,No,1,178.5,135,30.35,253.1,56,21.51,134.3,69,6.04,12.6,9,3.4,1,False
WA,142,415,No,No,39,165.6,153,28.15,109.7,108,9.32,160.4,132,7.22,9.0,14,2.43,3,False
NC,223,510,Yes,Yes,22,201.0,72,34.17,248.2,118,21.1,158.2,161,7.12,13.6,10,3.67,3,True
CT,122,510,No,No,8,182.1,113,30.96,193.9,60,16.48,193.9,173,8.73,8.4,11,2.27,1,False
MA,133,415,No,No,33,107.8,116,18.33,268.0,64,22.78,146.3,60,6.58,13.0,0,3.51,1,False
WA,163,415,No,No,45,192.9,89,32.79,200.9,113,17.08,225.9,153,10.17,13.8,2,3.73,1,False
CA,215,510,No,Yes,13,107.3,163,18.24,164.9,52,14.02,233.3,116,10.5,8.9,2,2.4,1,False
LA,221,415,No,No,3,200.2,59,34.03,216.4,118,18.39,137.3,136,6.18,12.7,4,3.43,0,False
IL,235,408,Yes,No,29,137.0,138,23.29,199.5,72,16.96,170.1,56,7.65,6.5,2,1.76,0,False
NC,75,415,Yes,No,30,182.0,101,30.94,160.5,102,13.64,174.8,72,7.87,10.9,12,2.94,0,False
AL,146,415,No,No,37,201.1,162,34.19,311.9,86,26.51,192.7,110,8.67,13.6,8,3.67,0,False
CA,239,408,No,No,10,312.5,121,53.13,152.4,58,12.95,255.1,120,11.48,11.7,0,3.16,0,False
VA,76,408,No,No,34,220.1,124,37.42,88.9,64,7.56,258.0,159,11.61,16.9,3,4.56,0,False
GA,9,510,No,Yes,7,253.7,110,43.13,280.1,52,23.81,325.9,83,14.67,11.8,12,3.19,2,True
AL,74,510,No,No,2,281.1,113,47.79,171.8,142,14.6,87.5,155,3.94,9.2,12,2.48,1,False
NJ,186,408,No,No,13,206.4,54,35.09,186.2,119,15.83,154.8,68,6.97,18.2,9,4.91,7,False
MD,236,408,No,Yes,12,195.4,158,33.22,183.1,66,15.56,291.7,107,13.13,14.8,9,4.0,0,False
IN,145,510,Yes,Yes,44,122.4,102,20.81,172.5,75,14.66,111.0,58,5.0,5.7,3,1.54,1,False
GA,230,415,No,No,31,173.7,104,29.53,162.7,70,13.83,290.6,97,13.08,8.0,0,2.16,1,False
TX,7,408,No,No,33,141.0,86,23.97,151.2,121,12.85,208.4,164,9.38,7.3,13,1.97,0,False
TX,174,510,No,No,44,158.3,105,26.91,204.2,70,17.36,210.2,131,9.46,12.0,1,3.24,4,False
CA,141,415,No,No,18,281.0,108,47.77,180.9,60,15.38,137.0,90,6.16,11.8,10,3.19,0,False
OR,168,408,No,No,37,186.2,158,31.65,237.5,87,20.19,178.4,97,8.03,11.8,0,3.19,6,False
OH,170,415,No,No,15,132.7,151,22.56,225.1,121,19.13,288.4,94,12.98,5.6,5,1.51,5,False
MI,137,510,No,Yes,1,254.2,142,43.21,154.6,155,13.14,198.6,155,8.94,8.4,2,2.27,2,False
IL,178,408,No,No,39,231.6,118,39.37,206.4,137,17.54,178.8,74,8.05,9.8,6,2.65,2,False
KY,27,415,No,No,16,234.4,122,39.85,180.1,84,15.31,221.3,165,9.96,5.1,4,1.38,2,False
NC,122,408,Yes,Yes,33,71.7,108,12.19,151.4,168,12.87,191.4,127,8.61,7.8,8,2.11,1,False
OK,194,415,No,Yes,41,285.2,161,48.48,235.5,63,20.02,218.3,157,9.82,14.0,6,3.78,2,False
IL,5,510,No,No,15,149.8,51,25.47,194.9,168,16.57,158.5,74,7.13,5.8,3,1.57,0,False
NC,29,510,Yes,No,37,222.0,114,37.74,180.6,63,15.35,197.1,68,8.87,14.3,4,3.86,0,False
GA,165,408,No,No,1,316.3,153,53.77,158.2,59,13.45,168.9,88,7.6,13.3,4,3.59,1,False
VA,166,415,Yes,No,1,296.4,109,50.39,149.6,61,12.72,110.8,168,4.99,9.4,10,2.54,2,False
NY,83,408,Yes,No,25,127.2,100,21.62,300.4,87,25.53,225.1,128,10.13,8.4,14,2.27,5,True
CA,136,408,No,No,12,102.0,79,17.34,217.7,157,18.5,139.3,129,6.27,12.5,4,3.38,0,False
TN,240,415,No,No,46,257.2,60,43.72,146.4,168,12.44,192.8,76,8.68,8.0,9,2.16,4,False
SC,109,415,No,No,30,187.7,141,31.91,215.4,159,18.31,247.3,153,11.13,8.1,8,2.19,0,False
SC,65,415,No,Yes,33,153.0,157,26.01,254.1,83,21.6,126.1,123,5.67,10.1,9,2.73,1,False
IA,86,510,No,No,38,213.5,125,36.3,209.4,90,17.8,231.2,112,10.4,4.2,2,1.13,1,False
AL,244,408,No,No,2,171.2,88,29.1,269.7,59,22.92,186.0,117,8.37,6.1,5,1.65,1,False
OH,145,408,No,No,7,217.9,139,37.04,123.9,66,10.53,152.7,164,6.87,9.3,7,2.51,0,False
TX,71,510,No,No,22,183.6,126,31.21,101.4,66,8.62,302.1,68,13.59,11.5,10,3.11,2,False
VA,217,415,No,No,13,219.0,121,37.23,214.0,116,18.19,201.0,77,9.04,8.0,8,2.16,4,False
GA,45,510,No,Yes,26,131.7,112,22.39,214.8,111,18.26,172.6,134,7.77,9.6,12,2.59,1,False
MN,132,510,Yes,No,28,256.9,113,43.67,34.0,144,2.89,162.0,172,7.29,5.7,14,1.54,1,True
OR,36,510,No,No,38,217.7,110,37.01,169.8,164,14.43,245.1,160,11.03,12.8,6,3.46,4,False
TX,70,408,Yes,Yes,38,214.9,103,36.53,150.6,50,12.8,170.4,127,7.67,10.8,11,2.92,3,True
CA,159,510,No,Yes,0,119.6,141,20.33,131.4,61,11.17,238.8,82,10.75,11.1,2,3.0,1,False
TX,19,408,No,No,16,271.8,143,46.21,150.4,152,12.78,200.9,161,9.04,11.6,0,3.13,1,False
OH,189,408,No,Yes,40,179.3,122,30.48,230.8,53,19.62,256.8,59,11.56,10.4,3,2.81,5,True
MA,108,408,No,No,29,219.3,152,37.28,150.1,91,12.76,148.9,132,6.7,8.8,12,2.38,2,False
AZ,182,415,No,No,12,162.6,144,27.64,151.8,62,12.9,155.8,79,7.01,13.4,5,3.62,0,False
TX,167,408,No,No,20,194.1,107,33.0,120.1,147,10.21,186.9,71,8.41,10.6,2,2.86,1,False
CA,91,408,No,Yes,18,196.0,134,33.32,264.4,155,22.47,191.1,52,8.6,9.7,13,2.62,4,False
OH,202,415,Yes,No,18,27.7,105,4.71,222.7,134,18.93,183.3,150,8.25,10.2,0,2.75,0,False
KY,90,408,No,No,24,211.5,160,35.96,76.4,135,6.49,332.6,154,14.97,10.1,5,2.73,9,False
SC,19,510,No,No,21,286.1,83,48.64,151.9,53,12.91,304.2,131,13.69,9.7,13,2.62,0,False
AZ,39,510,No,Yes,30,209.1,80,35.55,227.4,131,19.33,216.0,124,9.72,11.4,0,3.08,3,False
IL,126,408,No,No,16,128.3,101,21.81,265.1,118,22.53,221.8,97,9.98,7.6,8,2.05,1,False
OR,195,415,No,No,22,215.1,138,36.57,243.0,68,20.66,189.2,51,8.51,7.8,10,2.11,1,False
NC,173,510,No,No,31,237.2,125,40.32,183.2,51,15.57,148.5,125,6.68,11.8,13,3.19,5,False
MA,141,415,No,Yes,9,207.7,50,35.31,104.4,61,8.87,191.9,103,8.64,9.8,11,2.65,1,False
MA,242,415,Yes,Yes,9,176.0,104,29.92,244.5,130,20.78,239.6,55,10.78,12.9,0,3.48,2,False
KY,220,510,Yes,No,35,166.9,71,28.37,186.2,123,15.83,266.3,156,11.98,11.3,12,3.05,0,False
MI,126,415,No,No,7,166.7,89,28.34,204.4,147,17.37,250.8,172,11.29,8.7,5,2.35,0,False
OK,58,510,No,No,51,217.7,150,37.01,192.1,55,16.33,125.5,89,5.65,11.8,0,3.19,0,False
WA,148,415,No,No,19,104.0,160,17.68,133.2,57,11.32,186.5,157,8.39,13.6,11,3.67,3,False
MD,220,510,No,No,31,159.9,50,27.18,219.2,100,18.63,127.6,142,5.74,11.5,6,3.11,0,False
IL,200,408,No,Yes,49,266.2,114,45.25,212.3,60,18.05,259.4,172,11.67,12.1,2,3.27,0,False
IN,61,510,No,No,13,268.2,112,45.59,179.7,112,15.27,180.4,143,8.12,9.7,5,2.62,1,False
WI,127,510,No,Yes,49,100.2,155,17.03,224.6,106,19.09,198.6,51,8.94,13.0,6,3.51,2,False
CT,105,510,No,No,27,118.9,103,20.21,132.3,61,11.25,225.0,122,10.12,8.6,0,2.32,3,False
FL,167,510,No,No,45,165.4,91,28.12,187.5,122,15.94,339.3,160,15.27,11.1,0,3.0,0,False
IA,1,415,No,No,51,228.2,70,38.79,202.3,51,17.2,214.4,51,9.65,17.4,12,4.7,0,False
OH,131,408,No,Yes,23,81.3,128,13.82,114.3,57,9.72,189.1,142,8.51,11.7,4,3.16,6,False
SC,205,510,No,Yes,14,177.0,130,30.09,198.1,60,16.84,138.9,146,6.25,9.0,5,2.43,1,False
IL,92,415,No,No,21,154.4,71,26.25,237.7,102,20.2,273.9,123,12.33,9.0,14,2.43,4,True
WA,190,408,No,Yes,29,251.6,87,42.77,185.8,149,15.79,191.9,147,8.64,10.0,14,2.7,4,False
MA,249,408,No,Yes,3,89.4,148,15.2,199.3,59,16.94,283.9,157,12.78,12.6,8,3.4,3,False
NJ,191,408,No,No,12,185.0,158,31.45,229.1,134,19.47,256.3,104,11.53,10.6,13,2.86,0,False
CT,113,408,No,Yes,22,158.7,129,26.98,181.6,133,15.44,177.9,121,8.01,8.4,0,2.27,4,False
FL,153,510,No,Yes,7,259.4,57,44.1,186.1,161,15.82,131.4,150,5.91,8.4,12,2.27,3,False
WA,56,510,Yes,No,17,212.3,111,36.09,142.2,57,12.09,214.6,167,9.66,10.6,3,2.86,2,False
IL,161,415,Yes,No,11,148.4,96,25.23,200.3,85,17.03,170.3,109,7.66,10.3,9,2.78,1,False
OR,166,415,No,No,30,226.1,66,38.44,184.3,142,15.67,203.0,146,9.14,11.5,7,3.11,1,False
MD,117,415,No,Yes,13,159.0,66,27.03,226.0,155,19.21,253.5,160,11.41,12.8,9,3.46,0,False
MN,134,408,No,No,33,234.0,139,39.78,229.2,125,19.48,118.3,55,5.32,17.8,8,4.81,2,False
OK,58,408,No,Yes,17,167.2,62,28.42,240.6,63,20.45,214.2,157,9.64,6.1,14,1.65,2,False
NY,44,510,No,Yes,33,237.0,66,40.29,175.6,161,14.93,239.0,153,10.76,12.1,12,3.27,1,False
MI,173,408,No,No,10,203.5,87,34.6,92.2,103,7.84,241.4,158,10.86,10.5,2,2.84,1,False
WA,160,408,No,Yes,40,356.1,130,60.54,238.1,163,20.24,132.8,68,5.98,5.0,10,1.35,1,False
IA,173,408,No,No,11,177.1,161,30.11,222.6,134,18.92,222.0,145,9.99,13.7,1,3.7,2,False
LA,61,415,No,No,48,200.7,127,34.12,169.2,135,14.38,261.2,76,11.75,11.4,3,3.08,5,False
CO,47,415,Yes,No,14,154.1,94,26.2,228.7,70,19.44,218.2,50,9.82,12.4,1,3.35,0,False
PA,149,510,No,No,30,180.1,55,30.62,128.6,157,10.93,195.2,156,8.78,5.4,0,1.46,1,False
OK,80,408,No,Yes,48,34.1,84,5.8,252.5,99,21.46,258.0,165,11.61,9.6,11,2.59,0,True
OK,118,408,No,No,28,205.1,159,34.87,184.3,143,15.67,166.3,82,7.48,7.2,2,1.94,2,False
VA,213,510,No,No,25,252.5,63,42.92,159.6,88,13.57,124.5,89,5.6,16.3,6,4.4,3,False
VA,203,408,No,No,17,201.4,160,34.24,169.9,69,14.44,191.0,81,8.59,13.4,12,3.62,6,True
WI,229,408,No,No,31,109.1,121,18.55,189.4,137,16.1,227.8,118,10.25,8.3,12,2.24,1,True
IA,164,415,No,Yes,21,136.7,110,23.24,200.4,136,17.03,252.9,66,11.38,5.9,0,1.59,6,False
IA,227,510,No,No,37,48.8,64,8.3,203.4,56,17.29,227.5,57,10.24,10.7,1,2.89,0,False
NJ,147,510,No,Yes,16,232.9,103,39.59,179.5,58,15.26,242.8,106,10.93,13.3,0,3.59,2,False
KY,20,510,No,No,22,125.6,76,21.35,211.0,50,17.94,253.3,91,11.4,5.3,7,1.43,0,True
SC,185,510,No,No,23,178.4,62,30.33,201.4,75,17.12,184.0,147,8.28,7.6,4,2.05,5,False
OK,146,415,No,Yes,49,171.7,162,29.19,168.6,87,14.33,193.6,58,8.71,7.1,7,1.92,2,False
LA,47,415,No,No,7,260.3,80,44.25,161.1,87,13.69,265.4,169,11.94,12.6,2,3.4,2,False
IL,233,408,No,Yes,40,184.6,84,31.38,231.4,167,19.67,140.5,136,6.32,9.2,12,2.48,4,False
IA,49,408,No,No,5,223.7,109,38.03,227.2,110,19.31,222.5,84,10.01,9.3,11,2.51,0,False
CA,14,408,No,No,4,209.5,55,35.62,203.9,93,17.33,165.2,163,7.43,10.7,6,2.89,0,False
CA,143,408,No,No,43,253.4,118,43.08,247.2,135,21.01,256.0,120,11.52,7.7,7,2.08,4,True
LA,159,415,No,No,28,167.1,135,28.41,102.9,93,8.75,200.1,128,9.0,6.2,14,1.67,1,False
OR,1,510,No,No,27,281.0,107,47.77,172.8,123,14.69,201.4,102,9.06,14.0,5,3.78,0,False
IA,117,415,No,Yes,10,72.8,98,12.38,143.2,168,12.17,287.4,103,12.93,14.3,12,3.86,1,False
LA,54,408,No,Yes,0,226.3,72,38.47,313.8,111,26.67,147.2,133,6.62,10.7,12,2.89,2,False
WI,118,415,No,Yes,42,133.2,138,22.64,236.7,55,20.12,211.8,163,9.53,10.9,6,2.94,0,False
WA,3,510,No,Yes,18,153.4,83,26.08,197.0,66,16.74,192.0,74,8.64,13.7,13,3.7,1,False
NC,144,510,No,No,8,210.7,75,35.82,240.2,100,20.42,227.6,116,10.24,10.6,11,2.86,0,False
TX,215,415,No,No,26,210.3,96,35.75,256.8,163,21.83,297.5,173,13.39,9.0,1,2.43,1,False
IL,185,415,No,No,33,212.7,54,36.16,256.3,87,21.79,170.7,111,7.68,10.3,7,2.78,5,False
PA,203,415,No,Yes,43,105.1,139,17.87,247.1,73,21.0,141.1,104,6.35,14.1,4,3.81,8,False
GA,12,408,No,No,3,258.2,69,43.89,187.9,100,15.97,160.5,95,7.22,10.3,6,2.78,2,False
OR,74,415,No,No,35,131.4,55,22.34,175.9,59,14.95,189.4,73,8.52,8.3,0,2.24,0,False
NC,224,415,No,Yes,17,138.6,119,23.56,152.9,169,13.0,204.2,147,9.19,10.6,4,2.86,5,False
IA,16,415,No,No,14,214.4,108,36.45,226.1,121,19.22,206.7,95,9.3,12.0,0,3.24,2,False
OH,200,510,No,No,50,164.5,113,27.97,193.1,70,16.41,291.1,71,13.1,11.7,11,3.16,0,False
CA,102,510,No,Yes,12,196.6,163,33.42,180.1,169,15.31,282.2,60,12.7,11.7,12,3.16,5,False
MD,204,408,No,No,18,63.5,67,10.8,177.5,119,15.09,266.1,97,11.97,7.9,7,2.13,3,False
MI,152,408,No,No,48,195.4,53,33.22,273.5,134,23.25,326.7,57,14.7,12.4,14,3.35,3,False
VA,156,510,No,Yes,5,191.8,66,32.61,248.6,106,21.13,242.2,88,10.9,10.3,3,2.78,3,False
AL,117,510,No,No,47,152.5,63,25.92,292.5,88,24.86,256.4,156,11.54,8.2,3,2.21,0,False
MA,8,510,No,No,11,68.0,127,11.56,227.5,137,19.34,241.2,84,10.85,12.3,1,3.32,0,False
OR,122,415,No,No,50,168.5,62,28.65,203.8,82,17.32,233.0,98,10.48,8.9,4,2.4,3,False
MN,92,415,No,No,36,178.0,56,30.26,199.7,108,16.97,220.7,95,9.93,5.8,0,1.57,0,False
AL,164,510,No,No,16,160.2,93,27.23,150.0,67,12.75,181.2,87,8.15,7.4,8,2.0,1,False
NC,90,415,Yes,No,22,80.8,64,13.74,137.9,105,11.72,138.7,57,6.24,9.7,4,2.62,3,False
WI,136,415,No,No,25,266.1,68,45.24,226.4,141,19.24,194.5,103,8.75,11.8,5,3.19,3,False
IN,186,408,No,Yes,28,145.5,112,24.74,154.3,106,13.12,229.3,86,10.32,7.8,1,2.11,1,False
IA,60,510,No,No,32,168.0,156,28.56,211.6,165,17.99,204.6,140,9.21,9.5,9,2.57,3,False
IN,178,510,No,No,26,49.9,160,8.48,256.8,145,21.83,147.7,141,6.65,6.8,9,1.84,4,False
KY,28,415,No,No,24,266.1,157,45.24,167.7,125,14.25,192.7,89,8.67,12.9,0,3.48,2,False
WI,220,510,No,Yes,9,154.8,84,26.32,301.5,97,25.63,190.1,83,8.55,15.0,3,4.05,0,False
VA,101,408,No,No,46,185.3,130,31.5,151.5,91,12.88,197.9,145,8.91,14.7,6,3.97,1,False
IA,41,408,No,Yes,22,240.5,84,40.89,250.5,76,21.29,225.5,128,10.15,12.9,5,3.48,1,False
IL,228,408,No,Yes,20,143.5,68,24.4,222.2,123,18.89,236.3,157,10.63,12.6,9,3.4,0,False
NY,192,510,No,Yes,20,232.0,69,39.44,260.7,159,22.16,176.0,66,7.92,4.4,0,1.19,1,False
TX,155,510,Yes,No,42,68.7,149,11.68,145.2,101,12.34,250.1,82,11.25,10.7,0,2.89,0,False
IN,246,510,No,No,12,209.8,84,35.67,316.4,91,26.89,257.6,96,11.59,8.8,7,2.38,1,False
OH,191,510,No,No,36,264.9,81,45.03,192.1,81,16.33,217.0,159,9.76,12.7,3,3.43,5,False
IN,145,510,No,Yes,32,148.7,97,25.28,234.8,155,19.96,234.2,101,10.54,3.1,4,0.84,0,False
AL,201,408,No,No,23,240.4,93,40.87,273.2,75,23.22,250.2,167,11.26,10.7,12,2.89,3,False
IN,161,415,No,No,43,279.0,153,47.43,170.8,74,14.52,146.1,129,6.57,9.6,6,2.59,3,False
OR,245,408,No,No,10,166.2,73,28.25,242.3,124,20.6,253.7,142,11.42,13.3,7,3.59,0,False
IN,212,510,No,Yes,16,161.8,110,27.51,162.4,72,13.8,161.5,58,7.27,14.5,14,3.92,5,True
NY,205,408,No,No,3,131.5,66,22.36,270.8,147,23.02,166.4,82,7.49,7.6,9,2.05,2,False
NY,220,510,No,No,46,152.5,120,25.92,163.0,106,13.86,210.8,109,9.49,7.7,6,2.08,1,False
OK,240,510,No,No,24,136.0,156,23.12,202.9,101,17.25,93.8,162,4.22,10.8,1,2.92,3,False
MN,157,408,Yes,Yes,29,131.4,99,22.34,216.3,153,18.39,209.8,142,9.44,15.1,13,4.08,1,False
SC,141,510,No,Yes,8,244.7,114,41.6,240.2,136,20.42,250.1,126,11.25,10.4,14,2.81,3,False
OH,46,415,No,No,20,137.3,148,23.34,299.4,142,25.45,118.7,70,5.34,6.6,3,1.78,0,False
CA,35,510,Yes,No,19,194.0,81,32.98,178.4,80,15.16,255.5,107,11.5,8.5,9,2.3,4,False
CA,134,415,No,No,18,182.1,85,30.96,257.9,113,21.92,166.1,134,7.47,10.8,11,2.92,1,False
MD,82,415,No,No,18,260.9,62,44.35,299.5,120,25.46,211.3,118,9.51,10.9,0,2.94,2,False
IA,115,510,No,Yes,11,152.8,119,25.98,209.3,153,17.79,173.3,59,7.8,8.2,9,2.21,0,False
NY,197,408,No,No,36,200.6,107,34.1,173.5,82,14.75,229.6,55,10.33,8.4,8,2.27,2,False
CO,47,415,No,No,41,222.7,63,37.86,114.5,134,9.73,252.2,169,11.35,7.5,2,2.03,3,False
VA,153,408,Yes,No,16,260.4,86,44.27,295.2,51,25.09,233.4,164,10.5,13.4,11,3.62,1,False
KY,194,415,No,No,36,152.0,161,25.84,188.8,67,16.05,200.8,170,9.04,7.9,2,2.13,2,False
PA,10,510,No,No,47,146.6,128,24.92,150.9,96,12.83,177.2,62,7.97,8.9,9,2.4,1,False
SC,56,510,No,Yes,38,122.7,160,20.86,133.1,82,11.31,197.5,114,8.89,8.8,8,2.38,5,False
FL,30,415,Yes,No,27,300.8,117,51.14,150.8,150,12.82,233.8,69,10.52,5.7,9,1.54,1,False
SC,242,510,No,No,40,254.8,89,43.32,247.0,147,21.0,235.5,106,10.6,7.8,2,2.11,4,False
NJ,109,415,No,No,34,177.7,108,30.21,253.9,133,21.58,228.5,160,10.28,13.6,7,3.67,4,False
AL,5,510,No,No,46,284.3,129,48.33,233.6,84,19.86,136.9,95,6.16,6.8,1,1.84,1,False
OR,119,408,No,No,47,174.5,141,29.67,207.6,100,17.65,199.8,57,8.99,7.5,13,2.03,0,False
IN,248,510,No,No,17,219.1,65,37.25,138.7,163,11.79,169.3,59,7.62,6.5,12,1.76,1,False
PA,33,408,No,No,13,180.5,111,30.68,164.5,167,13.98,234.2,122,10.54,9.9,2,2.67,4,False
AL,118,510,No,No,34,201.5,53,34.26,145.7,67,12.38,162.8,162,7.33,15.5,1,4.19,0,False
OH,65,408,No,No,43,195.8,94,33.29,229.6,159,19.52,223.6,154,10.06,9.8,0,2.65,2,False
WI,146,510,Yes,Yes,40,157.1,139,26.71,147.8,137,12.56,186.9,116,8.41,10.4,1,2.81,4,True
NY,224,408,No,No,6,239.0,77,40.63,165.3,121,14.05,107.0,60,4.81,8.0,7,2.16,1,False
PA,239,415,No,No,40,218.7,145,37.18,191.8,79,16.3,247.5,61,11.14,10.0,8,2.7,2,False
MN,177,415,No,No,12,235.5,158,40.04,117.5,93,9.99,199.7,59,8.99,13.6,12,3.67,0,False
NJ,11,408,No,No,17,197.3,115,33.54,203.3,102,17.28,264.8,74,11.92,10.6,1,2.86,0,False
TN,85,510,No,No,36,131.0,80,22.27,195.6,59,16.63,117.7,98,5.3,16.2,6,4.37,3,False
TN,26,408,Yes,Yes,12,272.3,52,46.29,260.2,136,22.12,186.4,98,8.39,13.7,14,3.7,0,False
CA,63,510,No,No,35,165.8,57,28.19,160.0,101,13.6,190.2,138,8.56,10.0,4,2.7,1,False
NC,217,415,No,Yes,30,199.7,73,33.95,136.0,98,11.56,214.5,60,9.65,9.9,2,2.67,4,False
OK,86,510,No,Yes,1,214.3,64,36.43,182.3,60,15.5,134.7,111,6.06,14.8,8,4.0,1,False
OR,59,415,No,Yes,15,199.3,92,33.88,146.1,115,12.42,228.2,167,10.27,10.6,14,2.86,7,False
PA,27,510,No,No,8,229.4,80,39.0,203.0,107,17.26,296.6,85,13.35,14.1,5,3.81,7,False
TN,177,510,No,No,8,238.0,122,40.46,108.0,139,9.18,224.7,88,10.11,15.8,10,4.27,1,False
CT,205,510,No,Yes,37,167.9,152,28.54,170.7,85,14.51,205.6,102,9.25,9.6,0,2.59,0,False
TX,161,408,No,No,10,267.8,94,45.53,154.6,82,13.14,132.1,139,5.94,11.2,4,3.02,3,False
WI,98,408,No,No,21,165.6,115,28.15,229.4,96,19.5,162.3,127,7.3,12.9,6,3.48,1,False
OK,105,415,No,Yes,32,198.2,57,33.69,160.5,62,13.64,198.2,152,8.92,12.3,3,3.32,0,False
OR,99,415,No,No,35,159.1,120,27.05,114.2,89,9.71,174.5,105,7.85,12.3,7,3.32,3,False
FL,129,408,No,No,44,143.6,157,24.41,190.9,138,16.23,252.3,153,11.35,6.5,9,1.76,0,False
MD,149,415,Yes,No,22,236.4,164,40.19,217.0,117,18.44,227.7,50,10.25,7.8,4,2.11,4,True
KY,240,408,No,No,44,348.6,152,59.26,187.4,91,15.93,335.6,105,15.1,8.8,8,2.38,0,False
TX,55,510,No,No,44,160.5,155,27.29,170.4,68,14.48,152.0,167,6.84,13.6,8,3.67,0,False
MD,6,415,No,No,33,245.6,106,41.75,167.4,131,14.23,202.7,53,9.12,6.7,8,1.81,0,False
WI,220,415,No,No,8,162.4,129,27.61,206.6,150,17.56,131.8,174,5.93,14.5,0,3.92,7,False
IL,209,408,No,No,23,179.4,148,30.5,156.5,143,13.3,89.9,79,4.05,12.4,1,3.35,3,False
WI,197,415,No,Yes,7,274.9,79,46.73,184.6,68,15.69,237.1,61,10.67,13.4,2,3.62,4,False
NC,95,415,No,No,6,122.0,123,20.74,238.5,107,20.27,225.8,169,10.16,7.6,13,2.05,1,False
CA,133,510,No,No,35,107.7,151,18.31,135.9,72,11.55,158.3,84,7.12,10.4,3,2.81,1,False
GA,102,415,No,Yes,17,175.3,67,29.8,198.8,103,16.9,205.7,126,9.26,11.0,9,2.97,0,False
IL,3,510,No,Yes,2,215.8,163,36.69,111.6,129,9.49,169.5,101,7.63,10.9,8,2.94,1,False
MO,181,408,Yes,No,27,205.0,118,34.85,212.4,114,18.05,176.3,80,7.93,11.0,9,2.97,2,False
GA,23,415,No,No,5,199.5,142,33.92,152.1,61,12.93,185.0,151,8.32,9.4,12,2.54,2,False
CA,229,510,No,No,43,181.8,88,30.91,252.0,73,21.42,156.2,156,7.03,10.6,5,2.86,1,False
NJ,53,408,No,No,43,222.5,109,37.83,127.2,83,10.81,165.2,136,7.43,13.1,0,3.54,6,False
OK,165,415,No,Yes,20,22.7,147,3.86,223.1,102,18.96,166.6,117,7.5,6.9,11,1.86,0,False
LA,202,408,No,No,27,139.5,92,23.72,262.1,57,22.28,222.1,101,9.99,14.5,8,3.92,7,False
LA,202,415,No,Yes,39,174.9,94,29.73,149.5,67,12.71,62.3,129,2.8,12.9,5,3.48,0,False
MO,83,408,No,No,0,218.0,72,37.06,157.9,106,13.42,189.6,56,8.53,7.5,3,2.03,1,False
SC,145,408,No,No,35,260.4,118,44.27,153.8,161,13.07,146.6,71,6.6,11.3,13,3.05,1,False
IA,85,510,No,No,20,132.2,143,22.47,176.7,54,15.02,148.4,142,6.68,12.7,3,3.43,1,True
MI,78,408,No,No,42,258.7,55,43.98,226.9,75,19.29,174.7,124,7.86,6.7,2,1.81,2,False
TX,201,415,No,No,34,155.6,105,26.45,172.6,79,14.67,200.3,105,9.01,10.3,6,2.78,1,False
IL,110,415,No,No,12,173.0,159,29.41,145.0,103,12.32,190.3,146,8.56,10.0,2,2.7,1,False
OK,1,510,No,No,48,211.4,157,35.94,100.1,62,8.51,147.8,107,6.65,8.4,1,2.27,3,False
TN,51,415,No,No,9,169.0,53,28.73,281.1,132,23.89,237.1,142,10.67,10.5,9,2.84,3,False
KY,173,415,No,No,43,239.9,142,40.78,285.0,78,24.22,155.9,113,7.02,8.5,7,2.3,4,False
TN,205,415,No,No,46,158.2,72,26.89,229.0,52,19.46,164.3,172,7.39,14.0,3,3.78,0,False
LA,4,408,No,No,9,159.0,55,27.03,160.5,139,13.64,215.2,152,9.68,8.4,7,2.27,2,False
WI,190,408,Yes,No,45,236.8,81,40.26,238.4,153,20.26,217.0,61,9.76,12.4,0,3.35,2,False
OK,193,415,No,Yes,12,138.8,155,23.6,248.4,107,21.11,170.4,56,7.67,5.6,14,1.51,1,False
IN,113,510,No,No,36,193.4,67,32.88,188.3,125,16.01,54.2,172,2.44,9.7,4,2.62,1,False
NY,232,408,No,No,37,90.3,64,15.35,203.1,51,17.26,156.7,104,7.05,10.2,12,2.75,1,False
CA,32,510,No,Yes,23,278.3,89,47.31,262.6,124,22.32,209.1,152,9.41,9.7,8,2.62,0,False
TN,34,415,No,Yes,1,245.2,145,41.68,119.0,157,10.12,235.4,155,10.59,9.1,0,2.46,0,False
IA,92,415,No,Yes,21,328.5,122,55.85,250.9,77,21.33,197.0,111,8.86,8.3,10,2.24,0,False
VA,95,408,No,No,16,252.3,150,42.89,185.5,131,15.77,177.1,161,7.97,12.3,12,3.32,3,False
OH,72,415,No,No,35,119.0,123,20.23,145.4,126,12.36,315.7,139,14.21,13.0,3,3.51,2,False
OH,39,408,No,No,13,216.1,133,36.74,149.5,150,12.71,182.4,153,8.21,10.0,5,2.7,6,False
OR,154,415,Yes,No,9,130.4,55,22.17,157.8,135,13.41,231.6,122,10.42,7.1,9,1.92,3,True
SC,162,415,No,No,34,265.2,161,45.08,140.5,125,11.94,134.2,154,6.04,15.2,7,4.1,0,False
NC,182,408,No,No,24,120.5,112,20.49,289.6,51,24.62,146.5,147,6.59,7.7,13,2.08,5,False
NC,118,408,No,No,2,117.9,116,20.04,225.6,150,19.18,233.4,158,10.5,6.1,2,1.65,4,False
TX,3,408,No,No,46,93.1,155,15.83,254.2,56,21.61,253.2,126,11.39,4.6,4,1.24,1,False
MD,123,415,No,No,37,153.6,60,26.11,229.1,75,19.47,181.5,104,8.17,10.5,6,2.84,2,False
TN,50,415,No,No,16,142.8,92,24.28,204.1,139,17.35,108.6,168,4.89,9.6,0,2.59,7,False
TN,12,510,No,Yes,11,111.9,66,19.02,204.7,137,17.4,192.6,85,8.67,13.1,14,3.54,2,False
TX,193,408,No,No,51,287.4,145,48.86,181.1,125,15.39,210.5,138,9.47,11.9,6,3.21,5,False
WI,54,415,Yes,No,23,208.6,53,35.46,185.2,65,15.74,205.9,73,9.27,11.0,12,2.97,0,True
AL,236,415,No,No,28,202.3,112,34.39,130.6,72,11.1,172.8,93,7.78,9.4,11,2.54,0,False
MN,133,408,No,Yes,42,265.8,117,45.19,255.1,89,21.68,193.4,66,8.7,13.3,10,3.59,1,False
AL,222,510,No,Yes,24,193.8,130,32.95,110.3,109,9.38,163.5,51,7.36,15.4,7,4.16,2,False
CA,222,408,No,No,35,139.6,90,23.73,148.1,122,12.59,145.4,62,6.54,13.0,7,3.51,4,False
AL,57,510,No,Yes,25,88.2,132,14.99,301.6,81,25.64,238.8,80,10.75,8.9,8,2.4,8,False
WI,145,415,No,No,37,136.5,54,23.2,207.8,64,17.66,205.9,142,9.27,12.4,5,3.35,1,False
NJ,112,510,No,Yes,0,261.3,81,44.42,209.9,150,17.84,193.5,163,8.71,9.1,11,2.46,0,False
IN,47,415,No,No,19,112.2,135,19.07,232.9,62,19.8,175.6,77,7.9,7.1,5,1.92,4,False
GA,151,408,No,No,27,199.1,119,33.85,124.0,54,10.54,192.0,109,8.64,7.7,1,2.08,2,False
FL,207,408,No,No,15,235.8,84,40.09,131.3,124,11.16,209.0,76,9.4,9.2,2,2.48,0,False
PA,229,408,Yes,No,46,195.4,71,33.22,178.8,123,15.2,287.4,64,12.93,10.5,3,2.84,1,True
GA,85,510,No,Yes,16,201.5,114,34.26,155.8,101,13.24,233.7,144,10.52,16.0,3,4.32,3,False
WI,142,415,Yes,Yes,39,215.4,133,36.62,197.3,126,16.77,167.7,153,7.55,7.7,7,2.08,3,True
IA,66,408,No,No,27,200.5,71,34.08,225.3,90,19.15,168.2,128,7.57,13.9,13,3.75,1,False
TX,75,408,No,No,11,266.9,161,45.37,270.5,102,22.99,160.4,82,7.22,9.3,0,2.51,1,False
TN,179,415,No,No,26,123.8,60,21.05,241.6,159,20.54,191.0,69,8.59,4.6,9,1.24,7,False
IA,103,408,No,No,41,193.0,126,32.81,151.3,99,12.86,160.4,91,7.22,8.8,13,2.38,2,False
LA,166,415,Yes,No,46,81.8,155,13.91,182.3,64,15.5,224.7,61,10.11,13.5,3,3.65,1,True
TX,192,415,No,No,29,68.0,52,11.56,168.7,155,14.34,68.8,150,3.1,11.2,10,3.02,1,False
LA,226,415,No,No,40,175.6,58,29.85,150.2,169,12.77,227.8,122,10.25,11.3,11,3.05,3,False
CT,38,415,No,Yes,33,209.3,109,35.58,138.8,56,11.8,214.8,72,9.67,13.9,12,3.75,0,False
MO,50,415,No,No,36,268.1,125,45.58,284.2,89,24.16,264.1,121,11.88,7.3,10,1.97,0,False
AZ,98,510,No,No,5,310.7,136,52.82,201.5,77,17.13,244.8,145,11.02,7.3,10,1.97,2,False
MO,82,408,No,No,6,251.3,63,42.72,189.8,81,16.13,166.8,161,7.51,3.9,3,1.05,1,False
NY,30,510,No,Yes,31,219.3,146,37.28,225.2,148,19.14,239.2,63,10.76,12.7,0,3.43,2,False
MN,79,408,No,No,31,188.6,67,32.06,227.7,64,19.35,192.6,140,8.67,11.8,2,3.19,0,False
TX,91,510,No,No,24,97.3,162,16.54,256.9,161,21.84,104.3,74,4.69,12.2,4,3.29,2,False
TN,179,415,No,No,32,172.1,154,29.26,163.8,149,13.92,208.9,126,9.4,6.9,5,1.86,1,False
CT,191,408,No,No,6,249.7,122,42.45,221.1,134,18.79,169.8,168,7.64,5.7,8,1.54,0,False
NC,226,408,No,No,51,228.5,72,38.85,155.4,119,13.21,201.0,134,9.04,6.5,8,1.76,0,False
FL,52,510,No,No,11,110.5,123,18.78,191.5,114,16.28,283.6,158,12.76,7.6,8,2.05,6,False
CA,249,510,No,Yes,15,213.2,132,36.24,203.8,53,17.32,212.2,80,9.55,14.6,10,3.94,4,False
FL,166,408,No,No,15,208.5,96,35.44,208.7,60,17.74,150.1,150,6.75,13.0,0,3.51,0,False
CA,225,510,No,Yes,42,198.9,118,33.81,206.5,157,17.55,249.2,161,11.21,8.9,11,2.4,3,False
AZ,216,510,No,No,35,178.5,96,30.35,241.1,75,20.49,219.1,171,9.86,11.0,8,2.97,2,False
CO,79,510,No,No,12,215.9,136,36.7,171.2,110,14.55,144.2,156,6.49,8.3,12,2.24,7,False
TN,30,415,No,No,6,217.7,79,37.01,210.1,86,17.86,120.7,103,5.43,11.2,7,3.02,1,False
WI,247,415,No,No,35,145.4,74,24.72,163.1,72,13.86,152.1,54,6.84,7.0,1,1.89,3,False
AL,106,510,No,No,46,204.6,77,34.78,347.0,142,29.5,242.8,62,10.93,12.3,12,3.32,0,False
GA,51,510,No,No,50,169.8,147,28.87,155.4,134,13.21,185.9,77,8.37,7.8,10,2.11,1,True
IL,81,415,No,No,8,99.7,158,16.95,166.0,161,14.11,205.1,92,9.23,12.5,0,3.38,7,False
TX,133,415,No,No,31,149.7,161,25.45,245.1,158,20.83,134.1,138,6.03,9.0,0,2.43,2,False
IN,29,408,No,Yes,10,95.6,160,16.25,179.5,158,15.26,244.2,164,10.99,8.0,11,2.16,1,False
CA,132,408,No,No,7,232.9,74,39.59,245.2,162,20.84,100.2,148,4.51,14.7,5,3.97,0,False
TN,138,415,No,No,32,199.2,123,33.86,208.7,140,17.74,168.2,96,7.57,10.7,8,2.89,3,False
VA,184,510,Yes,No,22,160.8,127,27.34,180.8,152,15.37,221.9,152,9.99,9.3,6,2.51,2,False
OR,145,510,No,No,24,256.7,155,43.64,163.4,89,13.89,144.9,120,6.52,12.3,4,3.32,1,False
MD,74,510,No,No,7,183.7,159,31.23,161.6,126,13.74,231.7,87,10.43,6.4,10,1.73,6,False
MN,17,510,No,No,44,102.7,107,17.46,181.4,72,15.42,157.5,145,7.09,13.3,1,3.59,0,False
SC,84,408,No,Yes,21,156.3,143,26.57,192.3,65,16.35,139.7,116,6.29,9.8,0,2.65,1,False
MN,216,415,No,No,3,268.2,90,45.59,159.4,143,13.55,265.3,111,11.94,11.9,1,3.21,5,False
AZ,69,510,No,No,39,143.8,74,24.45,195.5,110,16.62,208.7,158,9.39,5.9,0,1.59,1,False
IA,34,408,No,Yes,2,194.9,127,33.13,146.3,117,12.44,227.0,88,10.22,9.1,2,2.46,1,False
PA,6,510,No,Yes,28,220.2,148,37.43,238.8,153,20.3,251.9,86,11.34,10.2,5,2.75,2,False
PA,53,415,No,Yes,40,211.9,97,36.02,248.4,129,21.11,70.0,168,3.15,13.1,12,3.54,4,False
WA,194,408,No,No,28,312.3,147,53.09,165.8,80,14.09,232.7,163,10.47,12.1,7,3.27,0,False
MD,205,415,No,No,33,116.5,59,19.8,163.0,102,13.86,162.9,135,7.33,9.1,2,2.46,6,False
MN,126,415,No,No,33,121.9,148,20.72,209.9,155,17.84,169.5,57,7.63,11.1,9,3.0,3,True
GA,235,408,No,No,27,117.4,124,19.96,264.3,74,22.47,222.9,130,10.03,13.7,8,3.7,0,False
OR,43,408,No,No,12,164.0,60,27.88,275.3,93,23.4,182.8,101,8.23,9.6,9,2.59,3,False
OR,240,408,No,No,14,239.4,134,40.7,130.9,61,11.13,230.7,140,10.38,9.3,4,2.51,1,False
NY,203,408,No,Yes,22,124.3,70,21.13,251.3,139,21.36,199.0,82,8.96,4.9,6,1.32,1,False
CO,115,408,No,No,43,240.1,135,40.82,197.9,150,16.82,209.4,159,9.42,9.4,7,2.54,3,False
IA,111,408,No,No,25,181.9,94,30.92,198.9,161,16.91,176.5,130,7.94,5.3,2,1.43,7,False
CA,249,408,Yes,No,3,120.1,56,20.42,226.2,146,19.23,147.8,91,6.65,9.9,1,2.67,0,False
OK,151,510,No,No,25,85.4,130,14.52,177.0,141,15.05,164.0,125,7.38,13.0,1,3.51,1,False
MA,183,415,No,No,39,97.5,113,16.58,255.8,58,21.74,195.9,161,8.82,4.3,4,1.16,1,False
CA,80,408,No,Yes,8,144.0,113,24.48,272.2,61,23.14,292.9,159,13.18,13.7,14,3.7,1,False
OH,95,510,No,Yes,4,170.9,51,29.05,274.1,118,23.3,274.6,76,12.36,9.3,0,2.51,1,False
OK,203,510,No,Yes,31,252.7,125,42.96,108.8,103,9.25,168.3,161,7.57,10.1,14,2.73,0,False
CT,118,510,No,No,19,223.2,91,37.94,189.5,165,16.11,204.0,57,9.18,8.8,1,2.38,3,False
TN,144,415,No,Yes,49,134.7,131,22.9,104.2,103,8.86,186.6,72,8.4,5.4,12,1.46,1,False
MD,8,408,Yes,No,10,202.1,103,34.36,162.7,77,13.83,207.5,173,9.34,8.0,8,2.16,0,False
FL,132,510,Yes,No,14,269.2,124,45.76,81.1,105,6.89,213.9,155,9.63,16.1,6,4.35,4,False
TX,104,415,No,No,31,281.2,65,47.8,223.5,148,19.0,227.4,174,10.23,7.1,14,1.92,4,True
IN,132,415,No,No,27,163.0,162,27.71,212.0,118,18.02,55.9,162,2.52,5.8,14,1.57,1,False
IN,184,415,No,Yes,21,231.7,164,39.39,179.4,147,15.25,219.3,113,9.87,10.6,5,2.86,1,False
VA,25,510,No,No,40,255.1,67,43.37,161.4,159,13.72,181.1,172,8.15,10.0,8,2.7,2,False
OK,195,408,No,No,16,98.6,148,16.76,216.7,147,18.42,165.8,142,7.46,9.3,6,2.51,1,False
IA,96,510,No,Yes,25,152.3,108,25.89,150.4,126,12.78,240.7,163,10.83,10.2,13,2.75,0,False
CT,195,510,No,Yes,43,299.9,139,50.98,147.0,152,12.5,274.3,69,12.34,12.0,10,3.24,3,False
AZ,155,408,No,No,6,163.7,65,27.83,140.9,155,11.98,235.5,65,10.6,8.6,4,2.32,0,False
CO,93,408,No,No,41,21.8,55,3.71,190.8,158,16.22,175.1,66,7.88,10.7,14,2.89,0,False
PA,160,408,No,No,25,173.5,106,29.5,171.9,161,14.61,147.2,129,6.62,13.1,8,3.54,0,False
TX,178,415,No,No,24,240.7,157,40.92,181.8,107,15.45,50.7,68,2.28,7.4,5,2.0,0,False
OK,61,408,No,No,9,180.4,156,30.67,227.1,127,19.3,210.1,169,9.45,3.7,5,1.0,0,False
NC,122,510,No,No,44,218.6,96,37.16,249.2,124,21.18,230.0,169,10.35,12.1,10,3.27,9,True
OH,51,408,No,No,18,230.7,160,39.22,273.5,91,23.25,195.9,57,8.82,17.2,3,4.64,1,False
AL,147,510,No,No,10,160.8,97,27.34,204.0,87,17.34,247.7,87,11.15,10.2,12,2.75,0,False
CT,21,415,No,No,12,152.0,91,25.84,218.4,117,18.56,135.0,87,6.08,10.8,11,2.92,0,False
IN,5,510,No,No,7,188.3,125,32.01,210.4,102,17.88,192.4,102,8.66,9.4,0,2.54,6,False
AZ,210,510,No,No,39,189.6,109,32.23,117.3,82,9.97,188.5,142,8.48,14.6,4,3.94,2,False
CO,92,408,No,No,3,182.9,126,31.09,182.5,120,15.51,195.5,154,8.8,10.0,10,2.7,1,False
TX,170,408,No,No,46,185.1,53,31.47,182.7,105,15.53,259.4,149,11.67,9.7,8,2.62,4,False
OK,61,510,Yes,No,30,139.6,152,23.73,175.5,154,14.92,195.8,139,8.81,12.8,12,3.46,1,False
CA,22,408,Yes,No,27,220.5,51,37.48,199.0,121,16.92,186.3,80,8.38,8.8,7,2.38,1,False
WI,149,415,No,No,10,212.4,139,36.11,190.0,150,16.15,154.2,93,6.94,6.6,7,1.78,0,False
CT,70,415,No,No,42,107.9,108,18.34,151.7,100,12.89,267.4,109,12.03,12.7,4,3.43,1,False
CO,1,408,No,Yes,0,159.0,76,27.03,193.4,123,16.44,129.4,125,5.82,8.5,11,2.3,1,False
SC,133,415,No,No,48,185.0,76,31.45,169.0,92,14.36,173.4,168,7.8,7.5,8,2.03,2,False
CA,233,408,No,Yes,46,151.1,128,25.69,70.0,64,5.95,285.7,66,12.86,16.1,2,4.35,1,False
TX,12,510,Yes,No,51,214.4,121,36.45,131.1,87,11.14,224.4,128,10.1,9.7,2,2.62,2,False
MO,90,510,No,No,37,176.4,56,29.99,205.4,64,17.46,200.0,122,9.0,11.6,0,3.13,0,False
LA,46,415,Yes,No,23,189.1,112,32.15,255.6,54,21.73,202.1,88,9.09,10.3,8,2.78,0,False
MI,34,408,No,No,46,158.4,160,26.93,79.6,142,6.77,153.7,91,6.92,7.7,5,2.08,1,False
MN,177,408,No,No,30,72.4,95,12.31,157.5,132,13.39,197.6,97,8.89,12.1,1,3.27,6,False
KY,78,415,No,No,40,69.3,112,11.78,222.6,103,18.92,183.5,61,8.26,11.1,7,3.0,1,False
TX,218,510,No,No,45,211.8,153,36.01,244.9,100,20.82,210.0,145,9.45,8.4,11,2.27,2,False
GA,45,415,No,No,49,194.4,61,33.05,180.0,59,15.3,125.7,138,5.66,11.4,8,3.08,1,False
AZ,155,510,No,Yes,25,203.7,62,34.63,166.9,61,14.19,220.9,152,9.94,8.8,8,2.38,0,False
AL,73,408,No,Yes,48,187.3,92,31.84,262.0,167,22.27,251.8,67,11.33,7.1,1,1.92,0,False
MO,26,510,No,No,49,191.6,66,32.57,240.8,53,20.47,190.8,128,8.59,6.8,1,1.84,1,False
MA,249,415,No,No,4,232.3,112,39.49,243.9,144,20.73,233.4,145,10.5,11.0,12,2.97,0,False
MN,47,408,No,Yes,19,204.0,130,34.68,177.6,67,15.1,216.5,55,9.74,9.1,6,2.46,0,False
SC,121,415,No,Yes,51,236.2,85,40.15,256.7,129,21.82,170.6,171,7.68,14.4,10,3.89,3,False
NY,214,415,No,Yes,40,189.3,134,32.18,103.7,153,8.81,148.1,157,6.66,10.1,3,2.73,0,False
OR,239,510,No,No,10,163.8,57,27.85,257.6,85,21.9,155.1,92,6.98,8.0,12,2.16,2,False
MI,56,415,No,No,32,190.5,118,32.39,197.7,74,16.8,215.6,165,9.7,10.6,0,2.86,1,False
NY,94,510,Yes,No,49,134.8,139,22.92,207.4,136,17.63,198.2,84,8.92,6.6,7,1.78,2,False
KY,107,408,No,Yes,37,159.5,129,27.12,153.7,125,13.06,264.8,147,11.92,10.0,1,2.7,2,False
IN,63,510,No,No,26,189.6,85,32.23,110.3,147,9.38,240.5,151,10.82,11.1,13,3.0,1,False
GA,48,408,No,No,33,188.9,77,32.11,206.4,85,17.54,240.4,169,10.82,10.7,2,2.89,1,False
CA,61,510,No,Yes,14,174.3,142,29.63,228.6,150,19.43,214.2,103,9.64,13.8,4,3.73,3,False
NC,81,415,No,No,31,105.0,96,17.85,236.1,116,20.07,152.9,170,6.88,17.5,13,4.73,4,False
NJ,26,510,No,Yes,20,214.4,125,36.45,230.7,58,19.61,217.3,111,9.78,12.1,2,3.27,0,False
MN,36,510,Yes,Yes,45,225.0,150,38.25,219.4,110,18.65,204.2,118,9.19,13.5,6,3.65,0,False
TN,1,408,No,Yes,4,268.8,79,45.7,154.8,102,13.16,144.1,131,6.48,17.3,6,4.67,5,False
IL,8,415,No,Yes,5,203.9,72,34.66,239.4,67,20.35,261.5,65,11.77,7.4,13,2.0,1,False
CT,113,510,No,Yes,37,180.1,65,30.62,149.2,92,12.68,256.1,57,11.52,10.6,1,2.86,2,True
MI,99,415,No,No,21,125.3,63,21.3,256.4,84,21.79,143.8,138,6.47,8.9,12,2.4,1,False
SC,180,510,No,No,17,260.6,123,44.3,196.8,112,16.73,169.1,145,7.61,12.6,12,3.4,0,False
KY,207,510,No,No,13,193.4,120,32.88,198.5,168,16.87,173.5,139,7.81,11.0,6,2.97,2,False
TX,47,415,No,No,9,190.4,158,32.37,244.3,147,20.77,231.5,165,10.42,7.9,10,2.13,2,False
MO,127,510,No,No,45,166.3,101,28.27,251.1,154,21.34,225.7,135,10.16,10.2,5,2.75,0,False
LA,56,415,No,No,12,162.8,86,27.68,239.5,127,20.36,203.2,80,9.14,13.1,9,3.54,1,False
AL,214,510,No,No,30,217.2,78,36.92,160.0,53,13.6,214.7,156,9.66,6.5,8,1.76,3,False
WA,14,408,No,Yes,29,124.8,116,21.22,239.1,142,20.32,136.6,59,6.15,8.0,12,2.16,2,False
OK,218,415,No,No,2,267.8,64,45.53,160.3,90,13.63,220.1,105,9.9,7.5,8,2.03,0,True
KY,28,510,No,Yes,29,256.0,149,43.52,240.4,94,20.43,196.0,170,8.82,11.1,1,3.0,2,False
IL,215,510,No,No,5,160.9,96,27.35,129.7,99,11.02,167.0,125,7.52,13.7,6,3.7,3,False
LA,78,408,No,No,28,133.4,95,22.68,196.3,128,16.69,124.4,166,5.6,4.6,4,1.24,3,False
FL,216,415,Yes,No,7,71.2,101,12.1,160.0,77,13.6,202.3,141,9.1,10.5,12,2.84,2,False
WA,130,510,No,No,43,112.4,68,19.11,244.5,91,20.78,218.8,119,9.85,7.6,5,2.05,0,False
WI,109,408,No,No,44,219.4,126,37.3,256.8,129,21.83,115.9,172,5.22,13.0,0,3.51,3,False
CA,154,510,No,No,42,197.0,155,33.49,210.9,125,17.93,201.9,69,9.09,9.5,6,2.57,2,False
GA,14,415,No,Yes,43,206.7,70,35.14,209.3,165,17.79,207.1,54,9.32,10.6,5,2.86,0,True
AZ,187,510,No,Yes,32,80.3,113,13.65,236.2,118,20.08,173.3,72,7.8,10.2,3,2.75,1,False
TN,56,510,Yes,No,16,158.6,86,26.96,257.1,147,21.85,220.0,58,9.9,13.3,0,3.59,1,False
AZ,115,510,No,No,47,253.8,76,43.15,202.9,155,17.25,194.4,107,8.75,15.9,8,4.29,2,False
VA,7,510,No,No,10,174.8,104,29.72,176.0,50,14.96,215.2,108,9.68,7.0,3,1.89,0,False
MD,3,408,No,No,12,111.3,78,18.92,233.4,88,19.84,227.7,142,10.25,7.5,1,2.03,2,False
SC,111,408,Yes,No,49,174.0,69,29.58,108.1,145,9.19,227.7,129,10.25,11.1,7,3.0,5,False
MA,151,415,No,No,10,138.4,74,23.53,246.5,139,20.95,251.8,103,11.33,7.9,1,2.13,3,False
OK,238,408,No,No,30,198.0,119,33.66,165.5,66,14.07,217.9,95,9.81,12.8,4,3.46,5,False
NY,107,408,No,No,27,181.1,112,30.79,189.0,161,16.07,177.1,71,7.97,13.3,10,3.59,7,False
NY,239,415,No,No,43,209.3,85,35.58,246.8,140,20.98,168.6,113,7.59,8.7,5,2.35,0,False
SC,237,408,No,No,5,114.2,51,19.41,180.2,137,15.32,147.8,57,6.65,8.1,10,2.19,2,False
MN,18,408,No,Yes,40,155.8,71,26.49,233.4,84,19.84,208.6,172,9.39,9.4,12,2.54,1,False
MD,38,415,No,No,15,238.9,145,40.61,257.9,95,21.92,267.1,69,12.02,10.5,7,2.84,4,False
LA,227,415,No,Yes,3,106.9,65,18.17,206.5,91,17.55,183.1,100,8.24,11.1,10,3.0,1,False
KY,115,415,No,Yes,34,125.8,67,21.39,216.6,167,18.41,223.5,127,10.06,3.9,0,1.05,8,False
IA,15,510,No,Yes,47,190.8,118,32.44,195.0,88,16.58,163.4,88,7.35,7.5,0,2.03,2,False
CT,192,510,No,No,25,195.5,103,33.24,206.8,139,17.58,210.7,86,9.48,9.1,11,2.46,3,False
MN,217,415,No,No,11,153.6,149,26.11,145.2,98,12.34,264.0,99,11.88,8.0,3,2.16,0,False
KY,119,415,No,Yes,10,165.0,79,28.05,186.3,111,15.84,235.3,83,10.59,2.2,4,0.59,0,False
KY,229,415,No,No,36,208.8,94,35.5,136.6,87,11.61,122.5,124,5.51,4.9,12,1.32,3,True
MN,28,510,No,No,24,225.9,68,38.4,156.1,72,13.27,229.5,167,10.33,6.5,14,1.76,0,False
IN,202,510,No,No,17,122.3,136,20.79,100.9,71,8.58,231.8,153,10.43,9.9,12,2.67,4,False
WI,39,408,No,Yes,18,199.7,83,33.95,214.2,53,18.21,209.7,82,9.44,9.0,8,2.43,0,False
MI,185,408,No,No,22,261.6,62,44.47,285.6,98,24.28,234.4,80,10.55,8.4,10,2.27,2,False
PA,17,415,No,No,37,173.7,92,29.53,178.2,108,15.15,159.3,172,7.17,12.4,13,3.35,1,False
MA,231,510,No,Yes,17,121.7,111,20.69,249.3,122,21.19,204.2,103,9.19,12.4,6,3.35,2,False
MN,86,510,No,Yes,25,119.2,142,20.26,257.3,117,21.87,256.5,93,11.54,10.6,6,2.86,3,False
NJ,218,510,Yes,No,5,171.3,149,29.12,141.0,120,11.99,252.0,83,11.34,10.5,7,2.84,1,True
OK,126,415,No,No,3,235.9,71,40.1,151.8,136,12.9,228.4,163,10.28,7.8,14,2.11,0,False
OH,44,408,No,No,43,177.8,101,30.23,250.5,51,21.29,156.9,120,7.06,8.1,4,2.19,0,False
CA,25,415,No,No,50,190.2,101,32.33,196.4,98,16.69,149.0,171,6.7,5.4,4,1.46,2,False
GA,145,408,No,No,28,126.2,160,21.45,136.5,137,11.6,206.7,162,9.3,9.5,0,2.57,2,False
CO,13,408,No,No,33,233.1,85,39.63,169.2,153,14.38,210.0,167,9.45,12.4,13,3.35,3,False
OK,212,415,No,Yes,16,118.1,122,20.08,222.0,168,18.87,196.0,111,8.82,14.0,8,3.78,2,False
VA,25,408,No,No,42,152.8,152,25.98,161.3,144,13.71,160.8,72,7.24,9.5,5,2.57,1,False
VA,68,408,No,No,42,214.0,164,36.38,62.3,160,5.3,222.8,95,10.03,11.6,8,3.13,1,False
OH,138,510,No,No,15,69.9,68,11.88,184.9,80,15.72,206.5,105,9.29,2.2,2,0.59,0,False
IL,67,408,No,No,1,189.4,87,32.2,189.0,160,16.07,215.5,56,9.7,9.0,4,2.43,1,False
FL,233,415,No,No,33,123.9,119,21.06,201.5,89,17.13,230.7,167,10.38,8.9,1,2.4,7,False
PA,109,415,No,Yes,7,180.9,160,30.75,263.9,97,22.43,187.3,138,8.43,14.4,9,3.89,4,False
WA,146,408,No,No,12,161.0,128,27.37,203.7,100,17.31,176.6,110,7.95,11.3,4,3.05,1,False
WI,111,510,No,Yes,41,293.7,106,49.93,213.1,92,18.11,256.4,52,11.54,11.6,14,3.13,2,False
IA,228,510,No,No,7,158.8,69,27.0,253.8,147,21.57,163.1,172,7.34,11.4,12,3.08,4,False
MA,111,408,No,Yes,29,279.5,58,47.52,201.5,104,17.13,177.5,87,7.99,10.3,12,2.78,1,False
TX,214,408,No,Yes,31,211.7,81,35.99,307.8,137,26.16,262.7,133,11.82,14.5,12,3.92,0,False
SC,34,415,No,No,35,136.7,53,23.24,137.8,98,11.71,173.6,83,7.81,3.7,14,1.0,0,False
GA,111,408,Yes,No,46,197.9,99,33.64,154.3,139,13.12,196.1,162,8.82,10.6,13,2.86,2,False
WI,8,510,Yes,No,29,163.6,131,27.81,231.7,129,19.69,180.4,93,8.12,13.4,7,3.62,7,True
TN,168,408,No,No,0,193.1,54,32.83,263.7,106,22.41,111.8,157,5.03,4.9,10,1.32,3,False
WA,113,415,No,Yes,42,141.4,69,24.04,191.0,160,16.24,194.8,79,8.77,12.5,1,3.38,0,False
MO,236,415,No,Yes,38,271.3,136,46.12,150.5,126,12.79,150.5,66,6.77,8.1,7,2.19,0,False
OK,83,415,No,No,16,230.0,124,39.1,289.0,64,24.56,213.7,108,9.62,10.5,3,2.84,3,False
MI,42,415,No,No,19,181.7,86,30.89,161.4,76,13.72,256.3,59,11.53,8.0,9,2.16,4,False
IA,169,415,No,No,23,273.4,71,46.48,218.0,117,18.53,90.3,148,4.06,12.9,9,3.48,2,False
MD,101,408,No,No,49,184.0,107,31.28,266.7,129,22.67,180.7,133,8.13,9.4,14,2.54,2,False
IN,6,408,No,No,21,239.3,117,40.68,178.9,113,15.21,223.6,67,10.06,12.6,0,3.4,0,False
AL,180,408,No,No,28,182.1,142,30.96,169.9,143,14.44,91.8,94,4.13,11.4,12,3.08,4,False
MD,26,408,No,No,21,201.3,93,34.22,173.3,157,14.73,267.8,157,12.05,8.0,4,2.16,3,False
OK,64,415,No,No,43,175.6,83,29.85,246.1,79,20.92,220.0,140,9.9,11.6,12,3.13,1,False
KY,226,510,No,Yes,8,185.1,126,31.47,254.0,85,21.59,255.2,108,11.48,8.3,0,2.24,3,False
SC,187,408,No,No,36,189.2,91,32.16,202.7,116,17.23,172.8,111,7.78,10.4,6,2.81,0,False
KY,184,510,No,No,9,143.8,58,24.45,295.2,135,25.09,178.8,108,8.05,9.3,7,2.51,0,False
OH,59,408,Yes,No,35,158.3,155,26.91,202.6,162,17.22,193.0,98,8.68,12.7,2,3.43,0,False
KY,109,408,No,No,36,168.3,144,28.61,265.6,135,22.58,307.9,149,13.86,11.7,2,3.16,0,False
CO,198,510,No,No,27,192.4,56,32.71,179.4,163,15.25,266.9,112,12.01,10.1,6,2.73,1,False
IA,229,415,Yes,No,27,178.3,117,30.31,317.7,163,27.0,207.6,136,9.34,8.3,3,2.24,1,False
SC,121,408,No,No,41,243.3,68,41.36,279.5,168,23.76,213.7,81,9.62,6.6,2,1.78,2,False
NC,33,408,Yes,No,42,225.7,155,38.37,194.6,98,16.54,232.7,59,10.47,10.6,14,2.86,1,False
VA,181,408,No,No,20,169.4,143,28.8,272.7,125,23.18,320.6,60,14.43,8.4,7,2.27,1,False
CO,150,510,No,No,23,254.6,80,43.28,270.2,104,22.97,220.1,151,9.9,4.9,2,1.32,0,False
CA,21,415,No,No,41,281.1,84,47.79,278.7,134,23.69,203.3,119,9.15,6.5,12,1.76,2,False
KY,198,510,No,No,39,69.6,106,11.83,76.9,105,6.54,184.1,172,8.28,14.8,13,4.0,1,False
KY,70,510,No,No,1,230.3,134,39.15,237.0,117,20.15,212.7,154,9.57,8.4,6,2.27,1,False
CA,247,415,No,No,7,142.6,110,24.24,228.1,144,19.39,171.6,111,7.72,13.2,1,3.56,4,False
MA,112,510,No,No,47,223.2,80,37.94,224.6,93,19.09,225.8,96,10.16,9.2,10,2.48,3,False
NY,4,415,No,Yes,26,246.9,132,41.97,211.9,80,18.01,129.4,83,5.82,13.7,10,3.7,4,False
IA,94,408,Yes,No,21,132.6,144,22.54,213.4,107,18.14,188.0,149,8.46,13.5,0,3.65,1,False
MN,75,415,No,Yes,36,80.0,102,13.6,265.2,136,22.54,237.7,150,10.7,7.9,11,2.13,0,False
TN,190,408,No,No,26,225.1,81,38.27,228.0,167,19.38,219.5,66,9.88,4.6,5,1.24,3,False
LA,62,510,No,No,28,187.3,115,31.84,211.8,102,18.0,177.9,153,8.01,4.9,7,1.32,0,False
GA,94,510,No,Yes,2,89.9,108,15.28,258.0,133,21.93,189.4,153,8.52,7.9,0,2.13,1,False
WA,95,408,No,Yes,43,316.6,59,53.82,221.9,128,18.86,252.8,103,11.38,15.5,12,4.19,0,False
CO,152,510,No,No,12,213.7,51,36.33,226.7,72,19.27,140.5,125,6.32,9.1,9,2.46,4,False
CA,55,415,No,No,44,216.2,115,36.75,294.4,77,25.02,140.8,134,6.34,10.6,11,2.86,0,False
TN,137,408,No,No,9,253.8,109,43.15,179.3,65,15.24,154.5,89,6.95,13.8,8,3.73,5,False
CT,247,510,No,Yes,35,148.6,137,25.26,125.2,86,10.64,200.5,68,9.02,10.5,14,2.84,4,False
IL,131,408,No,No,8,187.0,66,31.79,204.6,70,17.39,133.2,116,5.99,10.4,2,2.81,1,False
OH,243,415,No,No,26,108.8,145,18.5,211.7,128,17.99,248.7,131,11.19,11.9,2,3.21,3,True
MN,31,415,No,No,33,147.2,65,25.02,237.1,66,20.15,154.8,102,6.97,11.0,3,2.97,2,False
CT,40,510,No,No,50,200.8,65,34.14,206.4,163,17.54,212.2,164,9.55,9.9,10,2.67,4,True
SC,229,415,No,No,0,90.1,95,15.32,238.8,86,20.3,172.0,113,7.74,8.2,14,2.21,1,False
TX,36,408,No,Yes,31,145.6,88,24.75,326.2,126,27.73,197.7,132,8.9,10.4,0,2.81,3,False
VA,152,415,No,No,24,129.9,80,22.08,241.1,68,20.49,120.8,96,5.44,13.3,8,3.59,1,False
KY,223,408,No,No,28,187.7,156,31.91,249.9,79,21.24,251.1,55,11.3,15.2,10,4.1,6,False
TN,6,408,Yes,No,6,211.0,137,35.87,194.5,94,16.53,152.9,65,6.88,11.0,2,2.97,1,False
MD,66,415,No,Yes,48,220.1,50,37.42,131.7,67,11.19,147.7,121,6.65,12.3,12,3.32,1,False
OH,212,510,No,No,2,233.9,60,39.76,86.1,127,7.32,320.0,161,14.4,11.0,9,2.97,3,False
MN,220,415,Yes,Yes,19,254.1,134,43.2,175.1,111,14.88,228.7,67,10.29,10.0,3,2.7,4,False
LA,75,408,No,No,19,212.8,53,36.18,72.0,85,6.12,249.1,101,11.21,11.6,0,3.13,2,False
CT,4,408,No,No,29,281.9,120,47.92,226.7,149,19.27,223.9,97,10.08,13.5,3,3.65,0,False
AZ,79,415,No,No,34,186.5,75,31.7,181.9,133,15.46,178.4,92,8.03,7.7,12,2.08,1,False
OK,134,510,No,Yes,34,170.6,160,29.0,135.3,101,11.5,135.7,88,6.11,6.1,0,1.65,7,False
OH,118,510,No,Yes,48,212.8,99,36.18,207.5,68,17.64,186.1,98,8.37,8.7,4,2.35,3,False
MA,113,408,Yes,No,38,168.3,61,28.61,164.1,158,13.95,152.1,162,6.84,10.8,4,2.92,4,False
IN,94,408,No,Yes,26,280.0,144,47.6,223.5,93,19.0,155.1,61,6.98,12.6,13,3.4,0,False
IA,248,510,No,Yes,25,241.1,130,40.99,236.4,56,20.09,121.8,158,5.48,7.4,10,2.0,1,False
AZ,230,415,No,No,13,220.5,146,37.48,165.9,93,14.1,206.7,59,9.3,3.2,6,0.86,2,False
IA,179,408,No,No,16,187.1,124,31.81,189.1,166,16.07,279.7,120,12.59,8.8,13,2.38,4,False
WI,62,408,No,No,17,158.0,141,26.86,211.7,117,17.99,228.9,159,10.3,9.7,7,2.62,0,False
OH,185,510,No,No,44,217.9,145,37.04,130.6,83,11.1,195.7,104,8.81,6.9,3,1.86,4,False
VA,194,415,No,Yes,51,119.1,114,20.25,211.7,115,17.99,199.0,50,8.96,8.1,6,2.19,2,False
TN,79,510,No,No,28,262.9,96,44.69,129.4,118,11.0,48.6,98,2.19,12.6,3,3.4,0,False
KY,203,415,No,No,19,170.4,141,28.97,229.3,104,19.49,179.8,85,8.09,10.4,2,2.81,1,False
KY,136,415,Yes,No,26,196.5,102,33.4,179.2,59,15.23,129.7,70,5.84,11.2,14,3.02,1,False
TN,26,415,No,No,17,130.9,155,22.25,129.2,145,10.98,207.7,86,9.35,9.2,5,2.48,2,False
CO,179,408,No,No,3,219.0,120,37.23,172.0,91,14.62,188.0,165,8.46,8.1,3,2.19,0,False
IL,173,510,No,No,0,155.5,51,26.44,174.1,90,14.8,157.5,73,7.09,9.2,13,2.48,0,False
FL,44,510,No,No,49,215.1,155,36.57,254.4,126,21.62,206.6,104,9.3,11.6,2,3.13,4,False
CA,133,415,No,No,0,220.9,73,37.55,209.7,152,17.82,206.2,74,9.28,6.0,14,1.62,0,True
IA,70,408,No,No,25,145.0,53,24.65,153.2,118,13.02,276.9,56,12.46,14.8,14,4.0,0,False
IA,154,408,No,No,44,119.3,157,20.28,283.5,59,24.1,235.3,155,10.59,11.8,8,3.19,1,False
OH,118,510,No,No,19,262.7,68,44.66,232.3,59,19.75,211.8,130,9.53,8.7,4,2.35,2,False
SC,68,408,No,No,51,169.6,75,28.83,184.2,151,15.66,153.6,142,6.91,12.5,12,3.38,3,False
KY,19,408,No,Yes,22,192.1,124,32.66,123.3,140,10.48,147.3,143,6.63,13.6,13,3.67,1,False
MI,212,415,No,No,9,206.2,89,35.05,179.8,109,15.28,230.9,120,10.39,9.3,6,2.51,3,False
MN,225,408,No,No,10,112.3,99,19.09,190.0,100,16.15,191.0,146,8.59,9.6,11,2.59,2,False
OH,20,415,No,No,40,205.0,92,34.85,219.5,70,18.66,213.5,120,9.61,14.4,13,3.89,0,False
FL,113,510,No,No,40,185.4,124,31.52,231.4,57,19.67,249.9,171,11.25,16.1,5,4.35,0,False
NY,140,408,No,No,4,145.2,158,24.68,241.3,114,20.51,125.3,73,5.64,10.3,9,2.78,1,False
WI,47,510,No,No,0,117.5,116,19.98,120.4,141,10.23,270.9,60,12.19,7.0,14,1.89,1,False
MI,1,510,No,Yes,16,212.7,61,36.16,211.4,162,17.97,249.5,122,11.23,8.9,4,2.4,3,False
KY,90,408,Yes,Yes,21,240.9,116,40.95,193.0,152,16.4,98.3,61,4.42,13.1,6,3.54,2,False
MD,142,408,No,Yes,33,189.6,155,32.23,334.9,127,28.47,318.7,84,14.34,7.3,10,1.97,1,True
KY,64,510,No,No,44,102.5,76,17.42,204.2,134,17.36,217.1,112,9.77,9.6,5,2.59,0,False
CA,38,408,No,Yes,40,122.9,162,20.89,169.9,79,14.44,177.1,117,7.97,11.0,9,2.97,0,False
AL,37,415,No,No,28,156.7,103,26.64,206.5,134,17.55,227.0,149,10.22,7.6,1,2.05,2,False
OH,126,415,No,No,3,264.5,115,44.96,200.6,98,17.05,152.1,141,6.84,13.3,12,3.59,1,False
WA,139,408,No,No,4,166.7,98,28.34,101.5,58,8.63,228.3,106,10.27,12.1,12,3.27,2,False
FL,100,510,No,No,10,154.7,65,26.3,221.4,66,18.82,161.3,62,7.26,15.8,12,4.27,0,True
TN,77,408,Yes,Yes,50,89.6,51,15.23,185.5,118,15.77,302.0,72,13.59,12.4,2,3.35,2,False
AL,235,408,No,No,20,144.5,109,24.56,199.7,107,16.97,204.0,132,9.18,7.5,1,2.03,4,False
TN,3,510,No,No,34,113.4,103,19.28,157.3,106,13.37,233.5,155,10.51,11.7,11,3.16,1,False
SC,161,510,No,No,11,125.8,79,21.39,146.3,111,12.44,161.7,150,7.28,13.0,2,3.51,1,False
NY,134,415,No,No,25,186.5,133,31.7,244.9,144,20.82,241.8,88,10.88,13.1,0,3.54,7,False
IN,178,510,No,No,50,158.3,87,26.91,256.4,101,21.79,200.4,137,9.02,8.0,7,2.16,1,False
OK,248,415,Yes,No,18,271.8,77,46.21,221.9,110,18.86,130.4,129,5.87,7.7,5,2.08,2,True
OR,10,510,Yes,No,44,238.2,74,40.49,110.5,89,9.39,189.1,146,8.51,7.0,12,1.89,0,True
WI,5,408,No,No,6,147.1,145,25.01,225.2,87,19.14,297.6,61,13.39,14.7,1,3.97,2,False
AL,151,415,Yes,No,46,130.5,59,22.18,111.2,92,9.45,243.9,83,10.98,11.9,7,3.21,0,False
VA,138,415,Yes,Yes,6,254.7,109,43.3,167.9,112,14.27,182.1,120,8.19,7.9,5,2.13,6,False
